player,season,age,team,lg,pos,g,gs,mp,fg,fga,fg_pct,three_p,three_pa,three_p_pct,two_p,two_pa,two_p_pct,efg_pct,ft,fta,ft_pct,orb,drb,trb,ast,stl,blk,tov,pf,pts,awards
Kevin Durant,2007-08,19.0,SEA,NBA,SG,80.0,80.0,34.6,7.3,17.1,0.43,0.7,2.6,0.288,6.6,14.5,0.455,0.451,4.9,5.6,0.873,0.9,3.5,4.4,2.4,1.0,0.9,2.9,1.5,20.3,ROY-1
Kevin Durant,2008-09,20.0,OKC,NBA,SF,74.0,74.0,39.0,8.9,18.8,0.476,1.3,3.1,0.422,7.6,15.7,0.486,0.51,6.1,7.1,0.863,1.0,5.5,6.5,2.8,1.3,0.7,3.0,1.8,25.3,
Kevin Durant,2009-10,21.0,OKC,NBA,SF,82.0,82.0,39.5,9.7,20.3,0.476,1.6,4.3,0.365,8.1,16.1,0.506,0.514,9.2,10.2,0.9,1.3,6.3,7.6,2.8,1.4,1.0,3.3,2.1,30.1,MVP-2ASNBA1
Kevin Durant,2010-11,22.0,OKC,NBA,SF,78.0,78.0,38.9,9.1,19.7,0.462,1.9,5.3,0.35,7.3,14.4,0.504,0.509,7.6,8.7,0.88,0.7,6.1,6.8,2.7,1.1,1.0,2.8,2.0,27.7,MVP-5ASNBA1
Kevin Durant,2011-12,23.0,OKC,NBA,SF,66.0,66.0,38.6,9.7,19.7,0.496,2.0,5.2,0.387,7.7,14.4,0.535,0.547,6.5,7.6,0.86,0.6,7.4,8.0,3.5,1.3,1.2,3.8,2.0,28.0,MVP-2ASNBA1
Kevin Durant,2012-13,24.0,OKC,NBA,SF,81.0,81.0,38.5,9.0,17.7,0.51,1.7,4.1,0.416,7.3,13.6,0.539,0.559,8.4,9.3,0.905,0.6,7.3,7.9,4.6,1.4,1.3,3.5,1.8,28.1,MVP-2ASNBA1
Kevin Durant,2013-14,25.0,OKC,NBA,SF,81.0,81.0,38.5,10.5,20.8,0.503,2.4,6.1,0.391,8.1,14.8,0.549,0.56,8.7,9.9,0.873,0.7,6.7,7.4,5.5,1.3,0.7,3.5,2.1,32.0,MVP-1ASNBA1
Kevin Durant,2014-15,26.0,OKC,NBA,SF,27.0,27.0,33.8,8.8,17.3,0.51,2.4,5.9,0.403,6.4,11.4,0.565,0.578,5.4,6.3,0.854,0.6,6.0,6.6,4.1,0.9,0.9,2.7,1.5,25.4,AS
Kevin Durant,2015-16,27.0,OKC,NBA,SF,72.0,72.0,35.8,9.7,19.2,0.505,2.6,6.7,0.387,7.1,12.5,0.569,0.573,6.2,6.9,0.898,0.6,7.6,8.2,5.0,1.0,1.2,3.5,1.9,28.2,MVP-5ASNBA2
Kevin Durant,2016-17,28.0,GSW,NBA,PF,62.0,62.0,33.4,8.9,16.5,0.537,1.9,5.0,0.375,7.0,11.5,0.608,0.594,5.4,6.2,0.875,0.6,7.6,8.3,4.8,1.1,1.6,2.2,1.9,25.1,MVP-9ASNBA2
Kevin Durant,2017-18,29.0,GSW,NBA,SF,68.0,68.0,34.2,9.3,18.0,0.516,2.5,6.1,0.419,6.7,11.9,0.565,0.586,5.3,5.9,0.889,0.5,6.4,6.8,5.4,0.7,1.8,3.0,2.0,26.4,MVP-7DPOY-9ASNBA1
Kevin Durant,2018-19,30.0,GSW,NBA,SF,78.0,78.0,34.6,9.2,17.7,0.521,1.8,5.0,0.353,7.5,12.8,0.587,0.571,5.7,6.5,0.885,0.4,5.9,6.4,5.9,0.7,1.1,2.9,2.0,26.0,MVP-8ASNBA2
Kevin Durant,2019-20,,,,,,,,,,,,,,,,,,,,,,,,,,,,,Did not play - injury,
Kevin Durant,2020-21,32.0,BRK,NBA,PF,35.0,32.0,33.1,9.3,17.2,0.537,2.4,5.4,0.45,6.8,11.8,0.577,0.608,6.0,6.8,0.882,0.4,6.7,7.1,5.6,0.7,1.3,3.4,2.0,26.9,AS
Kevin Durant,2021-22,33.0,BRK,NBA,PF,55.0,55.0,37.2,10.5,20.3,0.518,2.1,5.5,0.383,8.4,14.8,0.568,0.57,6.8,7.4,0.91,0.5,6.9,7.4,6.4,0.9,0.9,3.5,2.1,29.9,MVP-10ASNBA2
Kevin Durant,2022-23,34.0,2TM,NBA,PF,47.0,47.0,35.6,10.3,18.3,0.56,2.0,4.9,0.404,8.3,13.4,0.617,0.614,6.5,7.1,0.919,0.4,6.3,6.7,5.0,0.7,1.4,3.3,2.1,29.1,AS
Kevin Durant,2022-23,34.0,BRK,NBA,PF,39.0,39.0,36.0,10.5,18.8,0.559,1.8,4.8,0.376,8.7,14.0,0.622,0.607,6.8,7.3,0.934,0.4,6.4,6.7,5.3,0.8,1.5,3.5,2.4,29.7,
Kevin Durant,2022-23,34.0,PHO,NBA,PF,8.0,8.0,33.6,9.1,16.0,0.57,2.8,5.1,0.537,6.4,10.9,0.586,0.656,5.0,6.0,0.833,0.4,6.0,6.4,3.5,0.3,1.3,2.5,0.9,26.0,
Kevin Durant,2023-24,35.0,PHO,NBA,PF,75.0,75.0,37.2,10.0,19.1,0.523,2.2,5.4,0.413,7.8,13.7,0.567,0.581,4.8,5.6,0.856,0.5,6.1,6.6,5.0,0.9,1.2,3.3,1.8,27.1,MVP-9ASNBA2
Kevin Durant,2024-25,36.0,PHO,NBA,PF,62.0,62.0,36.5,9.5,18.1,0.527,2.6,6.0,0.43,7.0,12.1,0.574,0.598,4.9,5.8,0.839,0.4,5.7,6.0,4.2,0.8,1.2,3.1,1.7,26.6,AS
Kevin Durant,2025-26,37.0,HOU,NBA,SF,78.0,78.0,36.4,9.2,17.6,0.52,2.4,5.8,0.413,6.8,11.9,0.572,0.588,5.2,6.0,0.874,0.5,4.9,5.5,4.8,0.8,0.9,3.2,1.8,26.0,CPOY-9AS
